<saved-ma-configuration server='SERVER1' export-date='2013-03-31 12:24:48.304'>
<!--WARNING>
!!!!!!!!!!!!!!!!!!!!!!!!!!!!!!!!!!!!!!!!!!!!!!!!!!!!!!!!!!!!!!!!!!!
!!
!! The contents of this file should not be edited.
!! Any such modifications to this file may result in errors during import.
!!
!!!!!!!!!!!!!!!!!!!!!!!!!!!!!!!!!!!!!!!!!!!!!!!!!!!!!!!!!!!!!!!!!!!
</WARNING-->
<ma-data>
 <format-version>1</format-version>
 <id>{B26849CC-16CD-4DDA-9D06-72A342B8060E}</id>
 <name>FIM Service</name>
 <category>FIM</category>
 <subtype/>
 <ma-listname/>
 <ma-companyname/>
 <creation-time>2012-08-23 09:13:06.797</creation-time>
 <last-modification-time>2013-01-09 11:53:29.287</last-modification-time>
 <version>3202</version>
 <internal-version>0</internal-version>
 <password-sync-allowed>0</password-sync-allowed>
 <schema>
  <dsml:dsml xmlns:dsml="http://www.dsml.org/DSML" xmlns:ms-dsml="http://www.microsoft.com/MMS/DSML"><dsml:directory-schema ms-dsml:no-objectclass-validation="true"><dsml:class id="DetectedRuleEntry" type="structural"><dsml:name>DetectedRuleEntry</dsml:name><dsml:attribute ref="#ObjectID" required="false" /><dsml:attribute ref="#Connector" required="true" /><dsml:attribute ref="#CreatedTime" required="false" /><dsml:attribute ref="#Creator" required="false" /><dsml:attribute ref="#DeletedTime" required="false" /><dsml:attribute ref="#Description" required="false" /><dsml:attribute ref="#DetectedRulesList" required="false" /><dsml:attribute ref="#DisplayName" required="false" /><dsml:attribute ref="#ExpectedRulesList" required="false" /><dsml:attribute ref="#ExpirationTime" required="false" /><dsml:attribute ref="#Locale" required="false" /><dsml:attribute ref="#MVObjectID" required="false" /><dsml:attribute ref="#ObjectType" required="false" /><dsml:attribute ref="#ResourceParent" required="false" /><dsml:attribute ref="#ResourceTime" required="false" /><dsml:attribute ref="#SynchronizationRuleID" required="false" /></dsml:class><dsml:class id="ExpectedRuleEntry" type="structural"><dsml:name>ExpectedRuleEntry</dsml:name><dsml:attribute ref="#ObjectID" required="false" /><dsml:attribute ref="#CreatedTime" required="false" /><dsml:attribute ref="#Creator" required="false" /><dsml:attribute ref="#DeletedTime" required="false" /><dsml:attribute ref="#Description" required="false" /><dsml:attribute ref="#DetectedRulesList" required="false" /><dsml:attribute ref="#DisplayName" required="false" /><dsml:attribute ref="#ExpectedRuleEntryAction" required="true" /><dsml:attribute ref="#ExpectedRulesList" required="false" /><dsml:attribute ref="#ExpirationTime" required="false" /><dsml:attribute ref="#Locale" required="false" /><dsml:attribute ref="#MVObjectID" required="false" /><dsml:attribute ref="#ObjectType" required="false" /><dsml:attribute ref="#ResourceParent" required="false" /><dsml:attribute ref="#ResourceTime" required="false" /><dsml:attribute ref="#StatusError" required="false" /><dsml:attribute ref="#SynchronizationRuleData" required="false" /><dsml:attribute ref="#SynchronizationRuleID" required="false" /><dsml:attribute ref="#SynchronizationRuleName" required="true" /><dsml:attribute ref="#SynchronizationRuleStatus" required="true" /></dsml:class><dsml:class id="Group" type="structural"><dsml:name>Group</dsml:name><dsml:attribute ref="#ObjectID" required="false" /><dsml:attribute ref="#AccountName" required="false" /><dsml:attribute ref="#CreatedTime" required="false" /><dsml:attribute ref="#Creator" required="false" /><dsml:attribute ref="#DeletedTime" required="false" /><dsml:attribute ref="#Description" required="false" /><dsml:attribute ref="#DetectedRulesList" required="false" /><dsml:attribute ref="#DisplayedOwner" required="false" /><dsml:attribute ref="#DisplayName" required="false" /><dsml:attribute ref="#Domain" required="true" /><dsml:attribute ref="#DomainConfiguration" required="false" /><dsml:attribute ref="#Email" required="false" /><dsml:attribute ref="#ExpectedRulesList" required="false" /><dsml:attribute ref="#ExpirationTime" required="false" /><dsml:attribute ref="#Filter" required="false" /><dsml:attribute ref="#Locale" required="false" /><dsml:attribute ref="#MailNickname" required="false" /><dsml:attribute ref="#MembershipAddWorkflow" required="true" /><dsml:attribute ref="#MembershipLocked" required="true" /><dsml:attribute ref="#MVObjectID" required="false" /><dsml:attribute ref="#ObjectSID" required="false" /><dsml:attribute ref="#ObjectType" required="false" /><dsml:attribute ref="#Owner" required="false" /><dsml:attribute ref="#ResourceTime" required="false" /><dsml:attribute ref="#Scope" required="true" /><dsml:attribute ref="#SIDHistory" required="false" /><dsml:attribute ref="#Temporal" required="false" /><dsml:attribute ref="#Type" required="true" /><dsml:attribute ref="#Member" required="false" /></dsml:class><dsml:class id="Person" type="structural"><dsml:name>Person</dsml:name><dsml:attribute ref="#ObjectID" required="false" /><dsml:attribute ref="#AccountName" required="false" /><dsml:attribute ref="#AD_UserCannotChangePassword" required="false" /><dsml:attribute ref="#Address" required="false" /><dsml:attribute ref="#Assistant" required="false" /><dsml:attribute ref="#AuthNLockoutRegistrationID" required="false" /><dsml:attribute ref="#AuthNWFLockedOut" required="false" /><dsml:attribute ref="#AuthNWFRegistered" required="false" /><dsml:attribute ref="#City" required="false" /><dsml:attribute ref="#Company" required="false" /><dsml:attribute ref="#CostCenter" required="false" /><dsml:attribute ref="#CostCenterName" required="false" /><dsml:attribute ref="#Country" required="false" /><dsml:attribute ref="#CreatedTime" required="false" /><dsml:attribute ref="#Creator" required="false" /><dsml:attribute ref="#DeletedTime" required="false" /><dsml:attribute ref="#Department" required="false" /><dsml:attribute ref="#Description" required="false" /><dsml:attribute ref="#DetectedRulesList" required="false" /><dsml:attribute ref="#DisplayName" required="false" /><dsml:attribute ref="#Domain" required="false" /><dsml:attribute ref="#DomainConfiguration" required="false" /><dsml:attribute ref="#Email" required="false" /><dsml:attribute ref="#EmployeeEndDate" required="false" /><dsml:attribute ref="#EmployeeID" required="false" /><dsml:attribute ref="#EmployeeStartDate" required="false" /><dsml:attribute ref="#EmployeeType" required="false" /><dsml:attribute ref="#ExpectedRulesList" required="false" /><dsml:attribute ref="#ExpirationTime" required="false" /><dsml:attribute ref="#FirstName" required="false" /><dsml:attribute ref="#FreezeCount" required="false" /><dsml:attribute ref="#FreezeLevel" required="false" /><dsml:attribute ref="#IsRASEnabled" required="false" /><dsml:attribute ref="#JobTitle" required="false" /><dsml:attribute ref="#LastName" required="false" /><dsml:attribute ref="#LastResetAttemptTime" required="false" /><dsml:attribute ref="#Locale" required="false" /><dsml:attribute ref="#LoginName" required="false" /><dsml:attribute ref="#MailNickname" required="false" /><dsml:attribute ref="#Manager" required="false" /><dsml:attribute ref="#MiddleName" required="false" /><dsml:attribute ref="#MobilePhone" required="false" /><dsml:attribute ref="#MVObjectID" required="false" /><dsml:attribute ref="#ObjectSID" required="false" /><dsml:attribute ref="#ObjectType" required="false" /><dsml:attribute ref="#OfficeFax" required="false" /><dsml:attribute ref="#OfficeLocation" required="false" /><dsml:attribute ref="#OfficePhone" required="false" /><dsml:attribute ref="#Photo" required="false" /><dsml:attribute ref="#PostalCode" required="false" /><dsml:attribute ref="#ProxyAddressCollection" required="false" /><dsml:attribute ref="#Register" required="false" /><dsml:attribute ref="#RegistrationRequired" required="false" /><dsml:attribute ref="#ResetPassword" required="false" /><dsml:attribute ref="#ResourceTime" required="false" /><dsml:attribute ref="#SIDHistory" required="false" /><dsml:attribute ref="#TimeZone" required="false" /><dsml:attribute ref="#msidmOneTimePasswordMobilePhone" required="false" /><dsml:attribute ref="#msidmOneTimePasswordEmailAddress" required="false" /><dsml:attribute ref="#LocationReference" required="false" /><dsml:attribute ref="#OrgUnit" required="false" /><dsml:attribute ref="#State" required="false" /><dsml:attribute ref="#EmployeeStatus" required="false" /><dsml:attribute ref="#BHOLD_ID" required="false" /></dsml:class><dsml:class id="SynchronizationRule" type="structural"><dsml:name>SynchronizationRule</dsml:name><dsml:attribute ref="#ObjectID" required="false" /><dsml:attribute ref="#ConnectedObjectType" required="true" /><dsml:attribute ref="#ConnectedSystem" required="true" /><dsml:attribute ref="#ConnectedSystemScope" required="false" /><dsml:attribute ref="#CreateConnectedSystemObject" required="true" /><dsml:attribute ref="#CreatedTime" required="false" /><dsml:attribute ref="#CreateILMObject" required="true" /><dsml:attribute ref="#Creator" required="false" /><dsml:attribute ref="#DeletedTime" required="false" /><dsml:attribute ref="#Dependency" required="false" /><dsml:attribute ref="#Description" required="false" /><dsml:attribute ref="#DetectedRulesList" required="false" /><dsml:attribute ref="#DisconnectConnectedSystemObject" required="true" /><dsml:attribute ref="#DisplayName" required="false" /><dsml:attribute ref="#ExistenceTest" required="false" /><dsml:attribute ref="#ExpectedRulesList" required="false" /><dsml:attribute ref="#ExpirationTime" required="false" /><dsml:attribute ref="#FlowType" required="true" /><dsml:attribute ref="#ILMObjectType" required="true" /><dsml:attribute ref="#InitialFlow" required="false" /><dsml:attribute ref="#Locale" required="false" /><dsml:attribute ref="#MVObjectID" required="false" /><dsml:attribute ref="#ObjectType" required="false" /><dsml:attribute ref="#PersistentFlow" required="false" /><dsml:attribute ref="#Precedence" required="false" /><dsml:attribute ref="#RelationshipCriteria" required="true" /><dsml:attribute ref="#ResourceTime" required="false" /><dsml:attribute ref="#SynchronizationRuleParameters" required="false" /><dsml:attribute ref="#ManagementAgentID" required="false" /><dsml:attribute ref="#msidmOutboundIsFilterBased" required="false" /><dsml:attribute ref="#msidmOutboundScopingFilters" required="false" /></dsml:class><dsml:attribute-type id="ObjectID" single-value="true" isreadonly="true" ms-dsml:immutable="true"><dsml:name>ObjectID</dsml:name><dsml:syntax>1.3.6.1.4.1.1466.115.121.1.12</dsml:syntax></dsml:attribute-type><dsml:attribute-type id="Connector" single-value="true"><dsml:name>Connector</dsml:name><dsml:syntax>1.3.6.1.4.1.1466.115.121.1.15</dsml:syntax></dsml:attribute-type><dsml:attribute-type id="CreatedTime" single-value="true" isreadonly="true"><dsml:name>CreatedTime</dsml:name><dsml:syntax>1.3.6.1.4.1.1466.115.121.1.15</dsml:syntax></dsml:attribute-type><dsml:attribute-type id="Creator" single-value="true" isreadonly="true"><dsml:name>Creator</dsml:name><dsml:syntax>1.3.6.1.4.1.1466.115.121.1.12</dsml:syntax></dsml:attribute-type><dsml:attribute-type id="DeletedTime" single-value="true" isreadonly="true"><dsml:name>DeletedTime</dsml:name><dsml:syntax>1.3.6.1.4.1.1466.115.121.1.15</dsml:syntax></dsml:attribute-type><dsml:attribute-type id="Description" single-value="true"><dsml:name>Description</dsml:name><dsml:syntax>1.3.6.1.4.1.1466.115.121.1.15</dsml:syntax></dsml:attribute-type><dsml:attribute-type id="DetectedRulesList" single-value="false"><dsml:name>DetectedRulesList</dsml:name><dsml:syntax>1.3.6.1.4.1.1466.115.121.1.12</dsml:syntax></dsml:attribute-type><dsml:attribute-type id="DisplayName" single-value="true"><dsml:name>DisplayName</dsml:name><dsml:syntax>1.3.6.1.4.1.1466.115.121.1.15</dsml:syntax></dsml:attribute-type><dsml:attribute-type id="ExpectedRulesList" single-value="false"><dsml:name>ExpectedRulesList</dsml:name><dsml:syntax>1.3.6.1.4.1.1466.115.121.1.12</dsml:syntax></dsml:attribute-type><dsml:attribute-type id="ExpirationTime" single-value="true"><dsml:name>ExpirationTime</dsml:name><dsml:syntax>1.3.6.1.4.1.1466.115.121.1.15</dsml:syntax></dsml:attribute-type><dsml:attribute-type id="Locale" single-value="true" isreadonly="true"><dsml:name>Locale</dsml:name><dsml:syntax>1.3.6.1.4.1.1466.115.121.1.15</dsml:syntax></dsml:attribute-type><dsml:attribute-type id="MVObjectID" single-value="true"><dsml:name>MVObjectID</dsml:name><dsml:syntax>1.3.6.1.4.1.1466.115.121.1.15</dsml:syntax></dsml:attribute-type><dsml:attribute-type id="ObjectType" single-value="true" isreadonly="true"><dsml:name>ObjectType</dsml:name><dsml:syntax>1.3.6.1.4.1.1466.115.121.1.15</dsml:syntax></dsml:attribute-type><dsml:attribute-type id="ResourceParent" single-value="true"><dsml:name>ResourceParent</dsml:name><dsml:syntax>1.3.6.1.4.1.1466.115.121.1.12</dsml:syntax></dsml:attribute-type><dsml:attribute-type id="ResourceTime" single-value="true" isreadonly="true"><dsml:name>ResourceTime</dsml:name><dsml:syntax>1.3.6.1.4.1.1466.115.121.1.15</dsml:syntax></dsml:attribute-type><dsml:attribute-type id="SynchronizationRuleID" single-value="true"><dsml:name>SynchronizationRuleID</dsml:name><dsml:syntax>1.3.6.1.4.1.1466.115.121.1.12</dsml:syntax></dsml:attribute-type><dsml:attribute-type id="ExpectedRuleEntryAction" single-value="true"><dsml:name>ExpectedRuleEntryAction</dsml:name><dsml:syntax>1.3.6.1.4.1.1466.115.121.1.15</dsml:syntax></dsml:attribute-type><dsml:attribute-type id="StatusError" single-value="true"><dsml:name>StatusError</dsml:name><dsml:syntax>1.3.6.1.4.1.1466.115.121.1.15</dsml:syntax></dsml:attribute-type><dsml:attribute-type id="SynchronizationRuleData" single-value="false"><dsml:name>SynchronizationRuleData</dsml:name><dsml:syntax>1.3.6.1.4.1.1466.115.121.1.15</dsml:syntax></dsml:attribute-type><dsml:attribute-type id="SynchronizationRuleName" single-value="true"><dsml:name>SynchronizationRuleName</dsml:name><dsml:syntax>1.3.6.1.4.1.1466.115.121.1.15</dsml:syntax></dsml:attribute-type><dsml:attribute-type id="SynchronizationRuleStatus" single-value="true"><dsml:name>SynchronizationRuleStatus</dsml:name><dsml:syntax>1.3.6.1.4.1.1466.115.121.1.15</dsml:syntax></dsml:attribute-type><dsml:attribute-type id="AccountName" single-value="true"><dsml:name>AccountName</dsml:name><dsml:syntax>1.3.6.1.4.1.1466.115.121.1.15</dsml:syntax></dsml:attribute-type><dsml:attribute-type id="DisplayedOwner" single-value="true"><dsml:name>DisplayedOwner</dsml:name><dsml:syntax>1.3.6.1.4.1.1466.115.121.1.12</dsml:syntax></dsml:attribute-type><dsml:attribute-type id="Domain" single-value="true"><dsml:name>Domain</dsml:name><dsml:syntax>1.3.6.1.4.1.1466.115.121.1.15</dsml:syntax></dsml:attribute-type><dsml:attribute-type id="DomainConfiguration" single-value="true"><dsml:name>DomainConfiguration</dsml:name><dsml:syntax>1.3.6.1.4.1.1466.115.121.1.12</dsml:syntax></dsml:attribute-type><dsml:attribute-type id="Email" single-value="true"><dsml:name>Email</dsml:name><dsml:syntax>1.3.6.1.4.1.1466.115.121.1.15</dsml:syntax></dsml:attribute-type><dsml:attribute-type id="Filter" single-value="true"><dsml:name>Filter</dsml:name><dsml:syntax>1.3.6.1.4.1.1466.115.121.1.15</dsml:syntax></dsml:attribute-type><dsml:attribute-type id="MailNickname" single-value="true"><dsml:name>MailNickname</dsml:name><dsml:syntax>1.3.6.1.4.1.1466.115.121.1.15</dsml:syntax></dsml:attribute-type><dsml:attribute-type id="MembershipAddWorkflow" single-value="true"><dsml:name>MembershipAddWorkflow</dsml:name><dsml:syntax>1.3.6.1.4.1.1466.115.121.1.15</dsml:syntax></dsml:attribute-type><dsml:attribute-type id="MembershipLocked" single-value="true"><dsml:name>MembershipLocked</dsml:name><dsml:syntax>1.3.6.1.4.1.1466.115.121.1.7</dsml:syntax></dsml:attribute-type><dsml:attribute-type id="ObjectSID" single-value="true"><dsml:name>ObjectSID</dsml:name><dsml:syntax>1.3.6.1.4.1.1466.115.121.1.5</dsml:syntax></dsml:attribute-type><dsml:attribute-type id="Owner" single-value="false"><dsml:name>Owner</dsml:name><dsml:syntax>1.3.6.1.4.1.1466.115.121.1.12</dsml:syntax></dsml:attribute-type><dsml:attribute-type id="Scope" single-value="true"><dsml:name>Scope</dsml:name><dsml:syntax>1.3.6.1.4.1.1466.115.121.1.15</dsml:syntax></dsml:attribute-type><dsml:attribute-type id="SIDHistory" single-value="false"><dsml:name>SIDHistory</dsml:name><dsml:syntax>1.3.6.1.4.1.1466.115.121.1.5</dsml:syntax></dsml:attribute-type><dsml:attribute-type id="Temporal" single-value="true"><dsml:name>Temporal</dsml:name><dsml:syntax>1.3.6.1.4.1.1466.115.121.1.7</dsml:syntax></dsml:attribute-type><dsml:attribute-type id="Type" single-value="true"><dsml:name>Type</dsml:name><dsml:syntax>1.3.6.1.4.1.1466.115.121.1.15</dsml:syntax></dsml:attribute-type><dsml:attribute-type id="Member" single-value="false"><dsml:name>Member</dsml:name><dsml:syntax>1.3.6.1.4.1.1466.115.121.1.12</dsml:syntax></dsml:attribute-type><dsml:attribute-type id="AD_UserCannotChangePassword" single-value="true"><dsml:name>AD_UserCannotChangePassword</dsml:name><dsml:syntax>1.3.6.1.4.1.1466.115.121.1.7</dsml:syntax></dsml:attribute-type><dsml:attribute-type id="Address" single-value="true"><dsml:name>Address</dsml:name><dsml:syntax>1.3.6.1.4.1.1466.115.121.1.15</dsml:syntax></dsml:attribute-type><dsml:attribute-type id="Assistant" single-value="true"><dsml:name>Assistant</dsml:name><dsml:syntax>1.3.6.1.4.1.1466.115.121.1.12</dsml:syntax></dsml:attribute-type><dsml:attribute-type id="AuthNLockoutRegistrationID" single-value="false"><dsml:name>AuthNLockoutRegistrationID</dsml:name><dsml:syntax>1.3.6.1.4.1.1466.115.121.1.12</dsml:syntax></dsml:attribute-type><dsml:attribute-type id="AuthNWFLockedOut" single-value="false"><dsml:name>AuthNWFLockedOut</dsml:name><dsml:syntax>1.3.6.1.4.1.1466.115.121.1.12</dsml:syntax></dsml:attribute-type><dsml:attribute-type id="AuthNWFRegistered" single-value="false"><dsml:name>AuthNWFRegistered</dsml:name><dsml:syntax>1.3.6.1.4.1.1466.115.121.1.12</dsml:syntax></dsml:attribute-type><dsml:attribute-type id="City" single-value="true"><dsml:name>City</dsml:name><dsml:syntax>1.3.6.1.4.1.1466.115.121.1.15</dsml:syntax></dsml:attribute-type><dsml:attribute-type id="Company" single-value="true"><dsml:name>Company</dsml:name><dsml:syntax>1.3.6.1.4.1.1466.115.121.1.15</dsml:syntax></dsml:attribute-type><dsml:attribute-type id="CostCenter" single-value="true"><dsml:name>CostCenter</dsml:name><dsml:syntax>1.3.6.1.4.1.1466.115.121.1.15</dsml:syntax></dsml:attribute-type><dsml:attribute-type id="CostCenterName" single-value="true"><dsml:name>CostCenterName</dsml:name><dsml:syntax>1.3.6.1.4.1.1466.115.121.1.15</dsml:syntax></dsml:attribute-type><dsml:attribute-type id="Country" single-value="true"><dsml:name>Country</dsml:name><dsml:syntax>1.3.6.1.4.1.1466.115.121.1.15</dsml:syntax></dsml:attribute-type><dsml:attribute-type id="Department" single-value="true"><dsml:name>Department</dsml:name><dsml:syntax>1.3.6.1.4.1.1466.115.121.1.15</dsml:syntax></dsml:attribute-type><dsml:attribute-type id="EmployeeEndDate" single-value="true"><dsml:name>EmployeeEndDate</dsml:name><dsml:syntax>1.3.6.1.4.1.1466.115.121.1.15</dsml:syntax></dsml:attribute-type><dsml:attribute-type id="EmployeeID" single-value="true"><dsml:name>EmployeeID</dsml:name><dsml:syntax>1.3.6.1.4.1.1466.115.121.1.15</dsml:syntax></dsml:attribute-type><dsml:attribute-type id="EmployeeStartDate" single-value="true"><dsml:name>EmployeeStartDate</dsml:name><dsml:syntax>1.3.6.1.4.1.1466.115.121.1.15</dsml:syntax></dsml:attribute-type><dsml:attribute-type id="EmployeeType" single-value="true"><dsml:name>EmployeeType</dsml:name><dsml:syntax>1.3.6.1.4.1.1466.115.121.1.15</dsml:syntax></dsml:attribute-type><dsml:attribute-type id="FirstName" single-value="true"><dsml:name>FirstName</dsml:name><dsml:syntax>1.3.6.1.4.1.1466.115.121.1.15</dsml:syntax></dsml:attribute-type><dsml:attribute-type id="FreezeCount" single-value="true"><dsml:name>FreezeCount</dsml:name><dsml:syntax>1.3.6.1.4.1.1466.115.121.1.27</dsml:syntax></dsml:attribute-type><dsml:attribute-type id="FreezeLevel" single-value="true"><dsml:name>FreezeLevel</dsml:name><dsml:syntax>1.3.6.1.4.1.1466.115.121.1.15</dsml:syntax></dsml:attribute-type><dsml:attribute-type id="IsRASEnabled" single-value="true"><dsml:name>IsRASEnabled</dsml:name><dsml:syntax>1.3.6.1.4.1.1466.115.121.1.7</dsml:syntax></dsml:attribute-type><dsml:attribute-type id="JobTitle" single-value="true"><dsml:name>JobTitle</dsml:name><dsml:syntax>1.3.6.1.4.1.1466.115.121.1.15</dsml:syntax></dsml:attribute-type><dsml:attribute-type id="LastName" single-value="true"><dsml:name>LastName</dsml:name><dsml:syntax>1.3.6.1.4.1.1466.115.121.1.15</dsml:syntax></dsml:attribute-type><dsml:attribute-type id="LastResetAttemptTime" single-value="true"><dsml:name>LastResetAttemptTime</dsml:name><dsml:syntax>1.3.6.1.4.1.1466.115.121.1.15</dsml:syntax></dsml:attribute-type><dsml:attribute-type id="LoginName" single-value="true"><dsml:name>LoginName</dsml:name><dsml:syntax>1.3.6.1.4.1.1466.115.121.1.15</dsml:syntax></dsml:attribute-type><dsml:attribute-type id="Manager" single-value="true"><dsml:name>Manager</dsml:name><dsml:syntax>1.3.6.1.4.1.1466.115.121.1.12</dsml:syntax></dsml:attribute-type><dsml:attribute-type id="MiddleName" single-value="true"><dsml:name>MiddleName</dsml:name><dsml:syntax>1.3.6.1.4.1.1466.115.121.1.15</dsml:syntax></dsml:attribute-type><dsml:attribute-type id="MobilePhone" single-value="true"><dsml:name>MobilePhone</dsml:name><dsml:syntax>1.3.6.1.4.1.1466.115.121.1.15</dsml:syntax></dsml:attribute-type><dsml:attribute-type id="OfficeFax" single-value="true"><dsml:name>OfficeFax</dsml:name><dsml:syntax>1.3.6.1.4.1.1466.115.121.1.15</dsml:syntax></dsml:attribute-type><dsml:attribute-type id="OfficeLocation" single-value="true"><dsml:name>OfficeLocation</dsml:name><dsml:syntax>1.3.6.1.4.1.1466.115.121.1.15</dsml:syntax></dsml:attribute-type><dsml:attribute-type id="OfficePhone" single-value="true"><dsml:name>OfficePhone</dsml:name><dsml:syntax>1.3.6.1.4.1.1466.115.121.1.15</dsml:syntax></dsml:attribute-type><dsml:attribute-type id="Photo" single-value="true"><dsml:name>Photo</dsml:name><dsml:syntax>1.3.6.1.4.1.1466.115.121.1.5</dsml:syntax></dsml:attribute-type><dsml:attribute-type id="PostalCode" single-value="true"><dsml:name>PostalCode</dsml:name><dsml:syntax>1.3.6.1.4.1.1466.115.121.1.15</dsml:syntax></dsml:attribute-type><dsml:attribute-type id="ProxyAddressCollection" single-value="false"><dsml:name>ProxyAddressCollection</dsml:name><dsml:syntax>1.3.6.1.4.1.1466.115.121.1.15</dsml:syntax></dsml:attribute-type><dsml:attribute-type id="Register" single-value="true"><dsml:name>Register</dsml:name><dsml:syntax>1.3.6.1.4.1.1466.115.121.1.7</dsml:syntax></dsml:attribute-type><dsml:attribute-type id="RegistrationRequired" single-value="true"><dsml:name>RegistrationRequired</dsml:name><dsml:syntax>1.3.6.1.4.1.1466.115.121.1.7</dsml:syntax></dsml:attribute-type><dsml:attribute-type id="ResetPassword" single-value="true"><dsml:name>ResetPassword</dsml:name><dsml:syntax>1.3.6.1.4.1.1466.115.121.1.15</dsml:syntax></dsml:attribute-type><dsml:attribute-type id="TimeZone" single-value="true"><dsml:name>TimeZone</dsml:name><dsml:syntax>1.3.6.1.4.1.1466.115.121.1.12</dsml:syntax></dsml:attribute-type><dsml:attribute-type id="msidmOneTimePasswordMobilePhone" single-value="true"><dsml:name>msidmOneTimePasswordMobilePhone</dsml:name><dsml:syntax>1.3.6.1.4.1.1466.115.121.1.15</dsml:syntax></dsml:attribute-type><dsml:attribute-type id="msidmOneTimePasswordEmailAddress" single-value="true"><dsml:name>msidmOneTimePasswordEmailAddress</dsml:name><dsml:syntax>1.3.6.1.4.1.1466.115.121.1.15</dsml:syntax></dsml:attribute-type><dsml:attribute-type id="LocationReference" single-value="true"><dsml:name>LocationReference</dsml:name><dsml:syntax>1.3.6.1.4.1.1466.115.121.1.12</dsml:syntax></dsml:attribute-type><dsml:attribute-type id="OrgUnit" single-value="true"><dsml:name>OrgUnit</dsml:name><dsml:syntax>1.3.6.1.4.1.1466.115.121.1.15</dsml:syntax></dsml:attribute-type><dsml:attribute-type id="State" single-value="true"><dsml:name>State</dsml:name><dsml:syntax>1.3.6.1.4.1.1466.115.121.1.15</dsml:syntax></dsml:attribute-type><dsml:attribute-type id="EmployeeStatus" single-value="true"><dsml:name>EmployeeStatus</dsml:name><dsml:syntax>1.3.6.1.4.1.1466.115.121.1.15</dsml:syntax></dsml:attribute-type><dsml:attribute-type id="BHOLD_ID" single-value="true"><dsml:name>BHOLD_ID</dsml:name><dsml:syntax>1.3.6.1.4.1.1466.115.121.1.15</dsml:syntax></dsml:attribute-type><dsml:attribute-type id="ConnectedObjectType" single-value="true"><dsml:name>ConnectedObjectType</dsml:name><dsml:syntax>1.3.6.1.4.1.1466.115.121.1.15</dsml:syntax></dsml:attribute-type><dsml:attribute-type id="ConnectedSystem" single-value="true"><dsml:name>ConnectedSystem</dsml:name><dsml:syntax>1.3.6.1.4.1.1466.115.121.1.15</dsml:syntax></dsml:attribute-type><dsml:attribute-type id="ConnectedSystemScope" single-value="true"><dsml:name>ConnectedSystemScope</dsml:name><dsml:syntax>1.3.6.1.4.1.1466.115.121.1.15</dsml:syntax></dsml:attribute-type><dsml:attribute-type id="CreateConnectedSystemObject" single-value="true"><dsml:name>CreateConnectedSystemObject</dsml:name><dsml:syntax>1.3.6.1.4.1.1466.115.121.1.7</dsml:syntax></dsml:attribute-type><dsml:attribute-type id="CreateILMObject" single-value="true"><dsml:name>CreateILMObject</dsml:name><dsml:syntax>1.3.6.1.4.1.1466.115.121.1.7</dsml:syntax></dsml:attribute-type><dsml:attribute-type id="Dependency" single-value="true"><dsml:name>Dependency</dsml:name><dsml:syntax>1.3.6.1.4.1.1466.115.121.1.12</dsml:syntax></dsml:attribute-type><dsml:attribute-type id="DisconnectConnectedSystemObject" single-value="true"><dsml:name>DisconnectConnectedSystemObject</dsml:name><dsml:syntax>1.3.6.1.4.1.1466.115.121.1.7</dsml:syntax></dsml:attribute-type><dsml:attribute-type id="ExistenceTest" single-value="false"><dsml:name>ExistenceTest</dsml:name><dsml:syntax>1.3.6.1.4.1.1466.115.121.1.15</dsml:syntax></dsml:attribute-type><dsml:attribute-type id="FlowType" single-value="true"><dsml:name>FlowType</dsml:name><dsml:syntax>1.3.6.1.4.1.1466.115.121.1.27</dsml:syntax></dsml:attribute-type><dsml:attribute-type id="ILMObjectType" single-value="true"><dsml:name>ILMObjectType</dsml:name><dsml:syntax>1.3.6.1.4.1.1466.115.121.1.15</dsml:syntax></dsml:attribute-type><dsml:attribute-type id="InitialFlow" single-value="false"><dsml:name>InitialFlow</dsml:name><dsml:syntax>1.3.6.1.4.1.1466.115.121.1.15</dsml:syntax></dsml:attribute-type><dsml:attribute-type id="PersistentFlow" single-value="false"><dsml:name>PersistentFlow</dsml:name><dsml:syntax>1.3.6.1.4.1.1466.115.121.1.15</dsml:syntax></dsml:attribute-type><dsml:attribute-type id="Precedence" single-value="true"><dsml:name>Precedence</dsml:name><dsml:syntax>1.3.6.1.4.1.1466.115.121.1.27</dsml:syntax></dsml:attribute-type><dsml:attribute-type id="RelationshipCriteria" single-value="true"><dsml:name>RelationshipCriteria</dsml:name><dsml:syntax>1.3.6.1.4.1.1466.115.121.1.15</dsml:syntax></dsml:attribute-type><dsml:attribute-type id="SynchronizationRuleParameters" single-value="false"><dsml:name>SynchronizationRuleParameters</dsml:name><dsml:syntax>1.3.6.1.4.1.1466.115.121.1.15</dsml:syntax></dsml:attribute-type><dsml:attribute-type id="ManagementAgentID" single-value="true"><dsml:name>ManagementAgentID</dsml:name><dsml:syntax>1.3.6.1.4.1.1466.115.121.1.12</dsml:syntax></dsml:attribute-type><dsml:attribute-type id="msidmOutboundIsFilterBased" single-value="true"><dsml:name>msidmOutboundIsFilterBased</dsml:name><dsml:syntax>1.3.6.1.4.1.1466.115.121.1.7</dsml:syntax></dsml:attribute-type><dsml:attribute-type id="msidmOutboundScopingFilters" single-value="true"><dsml:name>msidmOutboundScopingFilters</dsml:name><dsml:syntax>1.3.6.1.4.1.1466.115.121.1.15</dsml:syntax></dsml:attribute-type></dsml:directory-schema></dsml:dsml>
 </schema>
 <attribute-inclusion><attribute>AccountName</attribute><attribute>AD_UserCannotChangePassword</attribute><attribute>Address</attribute><attribute>Assistant</attribute><attribute>AuthNLockoutRegistrationID</attribute><attribute>AuthNWFLockedOut</attribute><attribute>AuthNWFRegistered</attribute><attribute>City</attribute><attribute>Company</attribute><attribute>ConnectedObjectType</attribute><attribute>ConnectedSystem</attribute><attribute>ConnectedSystemScope</attribute><attribute>Connector</attribute><attribute>CostCenter</attribute><attribute>CostCenterName</attribute><attribute>Country</attribute><attribute>CreateConnectedSystemObject</attribute><attribute>CreatedTime</attribute><attribute>CreateILMObject</attribute><attribute>Creator</attribute><attribute>DeletedTime</attribute><attribute>Department</attribute><attribute>Dependency</attribute><attribute>Description</attribute><attribute>DetectedRulesList</attribute><attribute>DisconnectConnectedSystemObject</attribute><attribute>DisplayedOwner</attribute><attribute>DisplayName</attribute><attribute>Domain</attribute><attribute>DomainConfiguration</attribute><attribute>Email</attribute><attribute>EmployeeEndDate</attribute><attribute>EmployeeID</attribute><attribute>EmployeeStartDate</attribute><attribute>EmployeeStatus</attribute><attribute>EmployeeType</attribute><attribute>ExistenceTest</attribute><attribute>ExpectedRuleEntryAction</attribute><attribute>ExpectedRulesList</attribute><attribute>ExpirationTime</attribute><attribute>FirstName</attribute><attribute>FlowType</attribute><attribute>FreezeCount</attribute><attribute>FreezeLevel</attribute><attribute>ILMObjectType</attribute><attribute>InitialFlow</attribute><attribute>IsRASEnabled</attribute><attribute>JobTitle</attribute><attribute>LastName</attribute><attribute>LastResetAttemptTime</attribute><attribute>Locale</attribute><attribute>LoginName</attribute><attribute>MailNickname</attribute><attribute>ManagementAgentID</attribute><attribute>Manager</attribute><attribute>Member</attribute><attribute>MembershipAddWorkflow</attribute><attribute>MembershipLocked</attribute><attribute>MiddleName</attribute><attribute>MobilePhone</attribute><attribute>msidmOneTimePasswordEmailAddress</attribute><attribute>msidmOneTimePasswordMobilePhone</attribute><attribute>msidmOutboundIsFilterBased</attribute><attribute>msidmOutboundScopingFilters</attribute><attribute>MVObjectID</attribute><attribute>ObjectID</attribute><attribute>ObjectSID</attribute><attribute>ObjectType</attribute><attribute>OfficeFax</attribute><attribute>OfficeLocation</attribute><attribute>OfficePhone</attribute><attribute>OrgUnit</attribute><attribute>Owner</attribute><attribute>PersistentFlow</attribute><attribute>Photo</attribute><attribute>PostalCode</attribute><attribute>Precedence</attribute><attribute>ProxyAddressCollection</attribute><attribute>Register</attribute><attribute>RegistrationRequired</attribute><attribute>RelationshipCriteria</attribute><attribute>ResetPassword</attribute><attribute>ResourceParent</attribute><attribute>ResourceTime</attribute><attribute>Scope</attribute><attribute>SIDHistory</attribute><attribute>State</attribute><attribute>StatusError</attribute><attribute>SynchronizationRuleData</attribute><attribute>SynchronizationRuleID</attribute><attribute>SynchronizationRuleName</attribute><attribute>SynchronizationRuleParameters</attribute><attribute>SynchronizationRuleStatus</attribute><attribute>TimeZone</attribute><attribute>Type</attribute></attribute-inclusion>
 <stay-disconnector><filter-set import-filter="0" cd-object-type="Person" type="declared"><filter-alternative id="{FF55B7D9-B817-4EB2-AD1D-A66B5F459DFB}"><condition cd-attribute="DisplayName" operator="equality"><value>fim-install</value></condition></filter-alternative><filter-alternative id="{058E5353-10AC-4077-B0B3-9742562F1339}"><condition cd-attribute="DisplayName" operator="equality"><value>Built-in Synchronization Account</value></condition></filter-alternative></filter-set></stay-disconnector>
 <join><join-profile cd-object-type="DetectedRuleEntry"><join-criterion id="{3068FF99-AD0A-4F9E-9912-3CEB7DAACB6E}"><search mv-object-type="detectedRuleEntry"><attribute-mapping mv-attribute="csObjectID"><direct-mapping><src-attribute intrinsic="true">dn</src-attribute></direct-mapping></attribute-mapping></search><resolution type="none"><script-context></script-context></resolution></join-criterion><join-criterion id="{9446AC41-A303-4EFD-AE19-C45B975654C5}"><search mv-object-type="detectedRuleEntry"><attribute-mapping mv-attribute="object-id" intrinsic-attribute="true"><direct-mapping><src-attribute>MVObjectID</src-attribute></direct-mapping></attribute-mapping></search><resolution type="none"><script-context></script-context></resolution></join-criterion></join-profile><join-profile cd-object-type="ExpectedRuleEntry"><join-criterion id="{5E02E00B-93B9-4503-956F-801E4679F82A}"><search mv-object-type="expectedRuleEntry"><attribute-mapping mv-attribute="csObjectID"><direct-mapping><src-attribute intrinsic="true">dn</src-attribute></direct-mapping></attribute-mapping></search><resolution type="none"><script-context></script-context></resolution></join-criterion><join-criterion id="{3FD9572D-D047-41FF-8DDA-55E39B99BBAE}"><search mv-object-type="expectedRuleEntry"><attribute-mapping mv-attribute="object-id" intrinsic-attribute="true"><direct-mapping><src-attribute>MVObjectID</src-attribute></direct-mapping></attribute-mapping></search><resolution type="none"><script-context></script-context></resolution></join-criterion></join-profile><join-profile cd-object-type="Group"><join-criterion id="{2A47F2EA-59FD-4A2F-BDC3-F09EABB25F5F}"><search mv-object-type="group"><attribute-mapping mv-attribute="csObjectID"><direct-mapping><src-attribute intrinsic="true">dn</src-attribute></direct-mapping></attribute-mapping></search><resolution type="none"><script-context></script-context></resolution></join-criterion><join-criterion id="{76A9DA0B-0B68-4C9C-BED0-2FDCC2FBEC49}"><search mv-object-type="group"><attribute-mapping mv-attribute="object-id" intrinsic-attribute="true"><direct-mapping><src-attribute>MVObjectID</src-attribute></direct-mapping></attribute-mapping></search><resolution type="none"><script-context></script-context></resolution></join-criterion></join-profile><join-profile cd-object-type="Person"><join-criterion id="{961CD106-788D-4BF6-A74F-1C237647FD9B}"><search mv-object-type="person"><attribute-mapping mv-attribute="csObjectID"><direct-mapping><src-attribute intrinsic="true">dn</src-attribute></direct-mapping></attribute-mapping></search><resolution type="none"><script-context></script-context></resolution></join-criterion><join-criterion id="{40C61F4B-23EB-4BBD-BC37-A87E19566B90}"><search mv-object-type="person"><attribute-mapping mv-attribute="object-id" intrinsic-attribute="true"><direct-mapping><src-attribute>MVObjectID</src-attribute></direct-mapping></attribute-mapping></search><resolution type="none"><script-context></script-context></resolution></join-criterion></join-profile><join-profile cd-object-type="SynchronizationRule"><join-criterion id="{DB165568-91D3-45E8-A586-D4430ADF8F21}"><search mv-object-type="synchronizationRule"><attribute-mapping mv-attribute="csObjectID"><direct-mapping><src-attribute intrinsic="true">dn</src-attribute></direct-mapping></attribute-mapping></search><resolution type="none"><script-context></script-context></resolution></join-criterion><join-criterion id="{B4C45A49-F440-4CE5-A6DF-DD6AE861B394}"><search mv-object-type="synchronizationRule"><attribute-mapping mv-attribute="object-id" intrinsic-attribute="true"><direct-mapping><src-attribute>MVObjectID</src-attribute></direct-mapping></attribute-mapping></search><resolution type="none"><script-context></script-context></resolution></join-criterion></join-profile></join>
 <projection><class-mapping type="declared" id="{7F7E8B11-AF76-468B-92C6-826FA155769B}" cd-object-type="DetectedRuleEntry"><mv-object-type>detectedRuleEntry</mv-object-type></class-mapping><class-mapping type="declared" id="{09E91F6C-B76B-4960-A30F-378CC265B55F}" cd-object-type="ExpectedRuleEntry"><mv-object-type>expectedRuleEntry</mv-object-type></class-mapping><class-mapping type="declared" id="{EE2242FD-910C-4806-8985-E3C2E4FC147F}" cd-object-type="Group"><mv-object-type>group</mv-object-type></class-mapping><class-mapping type="declared" id="{944CBC30-0904-4B54-956E-5A0F88209ACD}" cd-object-type="Person"><mv-object-type>person</mv-object-type></class-mapping><class-mapping type="declared" id="{EFFE784C-0C75-44F5-B212-604667A2AC4B}" cd-object-type="SynchronizationRule"><mv-object-type>synchronizationRule</mv-object-type></class-mapping></projection>
 <export-attribute-flow><export-flow-set cd-object-type="DetectedRuleEntry" mv-object-type="detectedRuleEntry"><export-flow cd-attribute="SynchronizationRuleID" id="{34450A45-C9B8-4DB1-97B4-C5FA84CB42EA}" suppress-deletions="true"><direct-mapping><src-attribute>synchronizationRuleID</src-attribute></direct-mapping></export-flow><export-flow cd-attribute="DisplayName" id="{4443E630-3F2B-48E0-AAB7-DD679A6D82F2}" suppress-deletions="true"><direct-mapping><src-attribute>displayName</src-attribute></direct-mapping></export-flow><export-flow cd-attribute="Connector" id="{29D82995-6B1B-4BC9-92C4-339A2A58FA1C}" suppress-deletions="true"><direct-mapping><src-attribute>connector</src-attribute></direct-mapping></export-flow><export-flow cd-attribute="ResourceParent" id="{0BB80402-BF24-4F30-A61B-36BC070BA5B8}" suppress-deletions="true"><direct-mapping><src-attribute>resourceParent</src-attribute></direct-mapping></export-flow><export-flow cd-attribute="dn" id="{407CB186-83AB-41CC-B38E-123DDEE1892A}"><sync-rule-mapping mapping-type="expression" sync-rule-id="{EB98E9F0-C9D1-470D-9A5A-DEDC0F7095CB}" sync-rule-mapping-id="{EB98E9F0-C9D1-470D-9A5A-DEDC0F7095CB}" initial-flow-only="true"><sync-rule-value><export-flow><dest>dn</dest><src><attr /></src><fn id="Guid" /></export-flow></sync-rule-value></sync-rule-mapping></export-flow><export-flow cd-attribute="MVObjectID" id="{14A9BEA2-C98D-4C46-B8E1-8E590BF2B579}" suppress-deletions="true"><direct-mapping><src-attribute intrinsic="true">object-id</src-attribute></direct-mapping></export-flow></export-flow-set><export-flow-set cd-object-type="ExpectedRuleEntry" mv-object-type="expectedRuleEntry"><export-flow cd-attribute="StatusError" id="{1A3DA856-76AE-406C-96C5-71EAAAC701AC}" suppress-deletions="true"><direct-mapping><src-attribute>statusError</src-attribute></direct-mapping></export-flow><export-flow cd-attribute="SynchronizationRuleStatus" id="{9531FEF6-F626-41B0-AB22-FEF8AC581CAF}" suppress-deletions="true"><direct-mapping><src-attribute>status</src-attribute></direct-mapping></export-flow></export-flow-set><export-flow-set cd-object-type="Group" mv-object-type="group"><export-flow cd-attribute="dn" id="{E57C7DBB-AB3A-4B8C-A98C-AB6D045B460B}"><sync-rule-mapping mapping-type="expression" sync-rule-id="{ECADDB72-B4C9-4475-9966-000B372CDC67}" sync-rule-mapping-id="{ECADDB72-B4C9-4475-9966-000B372CDC67}" initial-flow-only="true"><sync-rule-value><export-flow><dest>dn</dest><src><attr /></src><fn id="Guid" /></export-flow></sync-rule-value></sync-rule-mapping></export-flow><export-flow cd-attribute="MVObjectID" id="{AB1F9E87-C7F0-4A15-AA63-657242F339D3}" suppress-deletions="true"><direct-mapping><src-attribute intrinsic="true">object-id</src-attribute></direct-mapping></export-flow><export-flow cd-attribute="DetectedRulesList" id="{851F0CF7-F899-4BE2-BCCE-6CE64A6A8809}" suppress-deletions="false"><direct-mapping><src-attribute>detectedRulesList</src-attribute></direct-mapping></export-flow><export-flow cd-attribute="Domain" id="{B56A9B8A-44B3-4F24-9661-4347074BB43F}" suppress-deletions="true"><direct-mapping><src-attribute>domain</src-attribute></direct-mapping></export-flow><export-flow cd-attribute="Member" id="{F865446E-3EFB-42B0-BD1A-6CFB9B31D7D1}" suppress-deletions="true"><direct-mapping><src-attribute>member</src-attribute></direct-mapping></export-flow><export-flow cd-attribute="ObjectSID" id="{A4661101-0001-4F82-9AE4-F80F3E34F923}" suppress-deletions="true"><direct-mapping><src-attribute>objectSid</src-attribute></direct-mapping></export-flow><export-flow cd-attribute="MailNickname" id="{C83170DE-5265-4B91-9F44-C0A603AC582F}" suppress-deletions="true"><direct-mapping><src-attribute>mailNickname</src-attribute></direct-mapping></export-flow><export-flow cd-attribute="Email" id="{F1938CBE-1D31-42ED-8D49-702522B4FE6B}" suppress-deletions="true"><direct-mapping><src-attribute>mail</src-attribute></direct-mapping></export-flow></export-flow-set><export-flow-set cd-object-type="Person" mv-object-type="person"><export-flow cd-attribute="dn" id="{F7FD1A7A-59C1-4A87-AA9C-FED6583E4C86}"><sync-rule-mapping mapping-type="expression" sync-rule-id="{9663B8DB-5D51-4317-B6B2-D173F673F892}" sync-rule-mapping-id="{9663B8DB-5D51-4317-B6B2-D173F673F892}" initial-flow-only="true"><sync-rule-value><export-flow><dest>dn</dest><src><attr /></src><fn id="Guid" /></export-flow></sync-rule-value></sync-rule-mapping></export-flow><export-flow cd-attribute="MVObjectID" id="{E4DEFF47-386A-414C-8256-713F21DDAE94}" suppress-deletions="true"><direct-mapping><src-attribute intrinsic="true">object-id</src-attribute></direct-mapping></export-flow><export-flow cd-attribute="DetectedRulesList" id="{D7531D0C-ED69-4643-9E39-01CD4995029B}" suppress-deletions="false"><direct-mapping><src-attribute>detectedRulesList</src-attribute></direct-mapping></export-flow><export-flow cd-attribute="AccountName" id="{AB6517A9-15EF-4684-88BC-DF52C5CC975B}" suppress-deletions="true"><direct-mapping><src-attribute>accountName</src-attribute></direct-mapping></export-flow><export-flow cd-attribute="Country" id="{91A4344C-0DC8-4A5B-B912-1E944E1DFB36}" suppress-deletions="true"><direct-mapping><src-attribute>co</src-attribute></direct-mapping></export-flow><export-flow cd-attribute="Department" id="{F7B37BE8-C9FE-43F3-B573-9E6A483D49C6}" suppress-deletions="true"><direct-mapping><src-attribute>department</src-attribute></direct-mapping></export-flow><export-flow cd-attribute="Description" id="{8DB00BA5-3B80-43FD-9134-6EB72521E675}" suppress-deletions="true"><direct-mapping><src-attribute>description</src-attribute></direct-mapping></export-flow><export-flow cd-attribute="DisplayName" id="{43658027-8711-408D-B38C-AECBC83DC16F}" suppress-deletions="true"><direct-mapping><src-attribute>displayName</src-attribute></direct-mapping></export-flow><export-flow cd-attribute="Domain" id="{34B85E86-F839-4030-9D20-51CB68950B4E}" suppress-deletions="true"><direct-mapping><src-attribute>domain</src-attribute></direct-mapping></export-flow><export-flow cd-attribute="EmployeeID" id="{9C51633F-22E2-48AA-8BFB-C6D398FCE530}" suppress-deletions="true"><direct-mapping><src-attribute>employeeID</src-attribute></direct-mapping></export-flow><export-flow cd-attribute="EmployeeType" id="{1909C0D0-C9F7-4A28-AEAD-0AAC07269230}" suppress-deletions="true"><direct-mapping><src-attribute>employeeType</src-attribute></direct-mapping></export-flow><export-flow cd-attribute="FirstName" id="{39968F50-B131-40D4-BE8B-5D62E5F2AA81}" suppress-deletions="true"><direct-mapping><src-attribute>firstName</src-attribute></direct-mapping></export-flow><export-flow cd-attribute="JobTitle" id="{EC40CDF3-ED52-4DC2-8253-AACC8558C026}" suppress-deletions="true"><direct-mapping><src-attribute>jobTitle</src-attribute></direct-mapping></export-flow><export-flow cd-attribute="City" id="{321A8F02-5D79-484F-ACBE-7DB9E46679D9}" suppress-deletions="true"><direct-mapping><src-attribute>city</src-attribute></direct-mapping></export-flow><export-flow cd-attribute="LastName" id="{2E60A678-8ACB-40AB-BDF1-9F812AA71B94}" suppress-deletions="true"><direct-mapping><src-attribute>lastName</src-attribute></direct-mapping></export-flow><export-flow cd-attribute="Email" id="{B7A9AE74-EB12-4F7B-AA09-0CD6333B8927}" suppress-deletions="true"><direct-mapping><src-attribute>mail</src-attribute></direct-mapping></export-flow><export-flow cd-attribute="Manager" id="{EC286A4C-BD12-41C2-92E6-09F894D574CE}" suppress-deletions="true"><direct-mapping><src-attribute>manager</src-attribute></direct-mapping></export-flow><export-flow cd-attribute="MobilePhone" id="{BF08FB19-39CE-434E-97E2-0889AC2E6464}" suppress-deletions="true"><direct-mapping><src-attribute>mobile</src-attribute></direct-mapping></export-flow><export-flow cd-attribute="ObjectSID" id="{695D4C3C-DF2D-4DAC-B91F-7917B7330811}" suppress-deletions="true"><direct-mapping><src-attribute>objectSid</src-attribute></direct-mapping></export-flow><export-flow cd-attribute="OfficeLocation" id="{3E15C5F9-FDD9-4C40-98B5-95B2FFB71A45}" suppress-deletions="true"><direct-mapping><src-attribute>officeLocation</src-attribute></direct-mapping></export-flow><export-flow cd-attribute="OfficePhone" id="{CA772CB1-C339-4728-A76C-F3EB1FD00200}" suppress-deletions="true"><direct-mapping><src-attribute>officePhone</src-attribute></direct-mapping></export-flow><export-flow cd-attribute="EmployeeStatus" id="{5A261A1E-109B-403A-A862-9418038F0ADD}" suppress-deletions="true"><direct-mapping><src-attribute>employeeStatus</src-attribute></direct-mapping></export-flow><export-flow cd-attribute="State" id="{B60B8772-605E-461D-A171-CC3BE82A6163}" suppress-deletions="true"><direct-mapping><src-attribute>st</src-attribute></direct-mapping></export-flow><export-flow cd-attribute="ExpectedRulesList" id="{C14D4463-4989-43CB-87D6-808098E19E4D}" suppress-deletions="true"><direct-mapping><src-attribute>expectedRulesList</src-attribute></direct-mapping></export-flow><export-flow cd-attribute="MailNickname" id="{A860393D-68E3-4C43-AE50-5AFFF6762917}" suppress-deletions="true"><direct-mapping><src-attribute>accountName</src-attribute></direct-mapping></export-flow><export-flow cd-attribute="MiddleName" id="{0F715D2E-304E-452E-8E69-60FA8F9269D0}" suppress-deletions="true"><direct-mapping><src-attribute>middleName</src-attribute></direct-mapping></export-flow><export-flow cd-attribute="PostalCode" id="{C7B89394-F3D7-47A7-8D45-0D2011784CE1}" suppress-deletions="true"><direct-mapping><src-attribute>postalCode</src-attribute></direct-mapping></export-flow><export-flow cd-attribute="Company" id="{BB590B1F-B031-4327-96AB-0349E6EDDF07}" suppress-deletions="true"><direct-mapping><src-attribute>company</src-attribute></direct-mapping></export-flow><export-flow cd-attribute="Address" id="{2F23086E-AED9-4C8B-A21A-850F8BC5C060}" suppress-deletions="true"><direct-mapping><src-attribute>address</src-attribute></direct-mapping></export-flow></export-flow-set></export-attribute-flow>
 <provisioning-cleanup type="declared"><action>delete-object</action></provisioning-cleanup>
 <extension />
 <controller-configuration>
 <application-protection>low</application-protection>
 <application-architecture>process</application-architecture>
</controller-configuration>

 <description></description>
 <ma-ui-settings><account-joiner-queries><attributes><cs></cs><mv></mv></attributes><filters max_mv_search_results=""></filters></account-joiner-queries></ma-ui-settings>
 <private-configuration>
  <fimma-configuration><mms-info><column-info name="DetectedRuleEntry"><column><name>ObjectID</name><data-type>Reference</data-type><isrequired>0</isrequired><ismultivalued>0</ismultivalued></column><column><name>Connector</name><data-type>String</data-type><isrequired>1</isrequired><ismultivalued>0</ismultivalued></column><column><name>CreatedTime</name><data-type>DateTime</data-type><isrequired>1</isrequired><ismultivalued>0</ismultivalued></column><column><name>Creator</name><data-type>Reference</data-type><isrequired>0</isrequired><ismultivalued>0</ismultivalued></column><column><name>DeletedTime</name><data-type>DateTime</data-type><isrequired>0</isrequired><ismultivalued>0</ismultivalued></column><column><name>Description</name><data-type>String</data-type><isrequired>0</isrequired><ismultivalued>0</ismultivalued></column><column><name>DetectedRulesList</name><data-type>Reference</data-type><isrequired>0</isrequired><ismultivalued>1</ismultivalued></column><column><name>DisplayName</name><data-type>String</data-type><isrequired>0</isrequired><ismultivalued>0</ismultivalued></column><column><name>ExpectedRulesList</name><data-type>Reference</data-type><isrequired>0</isrequired><ismultivalued>1</ismultivalued></column><column><name>ExpirationTime</name><data-type>DateTime</data-type><isrequired>0</isrequired><ismultivalued>0</ismultivalued></column><column><name>Locale</name><data-type>String</data-type><isrequired>0</isrequired><ismultivalued>0</ismultivalued></column><column><name>MVObjectID</name><data-type>String</data-type><isrequired>0</isrequired><ismultivalued>0</ismultivalued></column><column><name>ObjectType</name><data-type>String</data-type><isrequired>1</isrequired><ismultivalued>0</ismultivalued></column><column><name>ResourceParent</name><data-type>Reference</data-type><isrequired>0</isrequired><ismultivalued>0</ismultivalued></column><column><name>ResourceTime</name><data-type>DateTime</data-type><isrequired>0</isrequired><ismultivalued>0</ismultivalued></column><column><name>SynchronizationRuleID</name><data-type>Reference</data-type><isrequired>0</isrequired><ismultivalued>0</ismultivalued></column></column-info><column-info name="ExpectedRuleEntry"><column><name>ObjectID</name><data-type>Reference</data-type><isrequired>0</isrequired><ismultivalued>0</ismultivalued></column><column><name>CreatedTime</name><data-type>DateTime</data-type><isrequired>1</isrequired><ismultivalued>0</ismultivalued></column><column><name>Creator</name><data-type>Reference</data-type><isrequired>0</isrequired><ismultivalued>0</ismultivalued></column><column><name>DeletedTime</name><data-type>DateTime</data-type><isrequired>0</isrequired><ismultivalued>0</ismultivalued></column><column><name>Description</name><data-type>String</data-type><isrequired>0</isrequired><ismultivalued>0</ismultivalued></column><column><name>DetectedRulesList</name><data-type>Reference</data-type><isrequired>0</isrequired><ismultivalued>1</ismultivalued></column><column><name>DisplayName</name><data-type>String</data-type><isrequired>0</isrequired><ismultivalued>0</ismultivalued></column><column><name>ExpectedRuleEntryAction</name><data-type>String</data-type><isrequired>1</isrequired><ismultivalued>0</ismultivalued></column><column><name>ExpectedRulesList</name><data-type>Reference</data-type><isrequired>0</isrequired><ismultivalued>1</ismultivalued></column><column><name>ExpirationTime</name><data-type>DateTime</data-type><isrequired>0</isrequired><ismultivalued>0</ismultivalued></column><column><name>Locale</name><data-type>String</data-type><isrequired>0</isrequired><ismultivalued>0</ismultivalued></column><column><name>MVObjectID</name><data-type>String</data-type><isrequired>0</isrequired><ismultivalued>0</ismultivalued></column><column><name>ObjectType</name><data-type>String</data-type><isrequired>1</isrequired><ismultivalued>0</ismultivalued></column><column><name>ResourceParent</name><data-type>Reference</data-type><isrequired>0</isrequired><ismultivalued>0</ismultivalued></column><column><name>ResourceTime</name><data-type>DateTime</data-type><isrequired>0</isrequired><ismultivalued>0</ismultivalued></column><column><name>StatusError</name><data-type>String</data-type><isrequired>0</isrequired><ismultivalued>0</ismultivalued></column><column><name>SynchronizationRuleData</name><data-type>String</data-type><isrequired>0</isrequired><ismultivalued>1</ismultivalued></column><column><name>SynchronizationRuleID</name><data-type>Reference</data-type><isrequired>0</isrequired><ismultivalued>0</ismultivalued></column><column><name>SynchronizationRuleName</name><data-type>String</data-type><isrequired>1</isrequired><ismultivalued>0</ismultivalued></column><column><name>SynchronizationRuleStatus</name><data-type>String</data-type><isrequired>1</isrequired><ismultivalued>0</ismultivalued></column></column-info><column-info name="Group" isDynamic="1"><column><name>ObjectID</name><data-type>Reference</data-type><isrequired>0</isrequired><ismultivalued>0</ismultivalued></column><column><name>AccountName</name><data-type>String</data-type><isrequired>0</isrequired><ismultivalued>0</ismultivalued></column><column><name>CreatedTime</name><data-type>DateTime</data-type><isrequired>1</isrequired><ismultivalued>0</ismultivalued></column><column><name>Creator</name><data-type>Reference</data-type><isrequired>0</isrequired><ismultivalued>0</ismultivalued></column><column><name>DeletedTime</name><data-type>DateTime</data-type><isrequired>0</isrequired><ismultivalued>0</ismultivalued></column><column><name>Description</name><data-type>String</data-type><isrequired>0</isrequired><ismultivalued>0</ismultivalued></column><column><name>DetectedRulesList</name><data-type>Reference</data-type><isrequired>0</isrequired><ismultivalued>1</ismultivalued></column><column><name>DisplayedOwner</name><data-type>Reference</data-type><isrequired>0</isrequired><ismultivalued>0</ismultivalued></column><column><name>DisplayName</name><data-type>String</data-type><isrequired>0</isrequired><ismultivalued>0</ismultivalued></column><column><name>Domain</name><data-type>String</data-type><isrequired>1</isrequired><ismultivalued>0</ismultivalued></column><column><name>DomainConfiguration</name><data-type>Reference</data-type><isrequired>0</isrequired><ismultivalued>0</ismultivalued></column><column><name>Email</name><data-type>String</data-type><isrequired>0</isrequired><ismultivalued>0</ismultivalued></column><column><name>ExpectedRulesList</name><data-type>Reference</data-type><isrequired>0</isrequired><ismultivalued>1</ismultivalued></column><column><name>ExpirationTime</name><data-type>DateTime</data-type><isrequired>0</isrequired><ismultivalued>0</ismultivalued></column><column><name>Filter</name><data-type>Text</data-type><isrequired>0</isrequired><ismultivalued>0</ismultivalued></column><column><name>Locale</name><data-type>String</data-type><isrequired>0</isrequired><ismultivalued>0</ismultivalued></column><column><name>MailNickname</name><data-type>String</data-type><isrequired>0</isrequired><ismultivalued>0</ismultivalued></column><column><name>MembershipAddWorkflow</name><data-type>String</data-type><isrequired>1</isrequired><ismultivalued>0</ismultivalued></column><column><name>MembershipLocked</name><data-type>Boolean</data-type><isrequired>1</isrequired><ismultivalued>0</ismultivalued></column><column><name>MVObjectID</name><data-type>String</data-type><isrequired>0</isrequired><ismultivalued>0</ismultivalued></column><column><name>ObjectSID</name><data-type>Binary</data-type><isrequired>0</isrequired><ismultivalued>0</ismultivalued></column><column><name>ObjectType</name><data-type>String</data-type><isrequired>1</isrequired><ismultivalued>0</ismultivalued></column><column><name>Owner</name><data-type>Reference</data-type><isrequired>0</isrequired><ismultivalued>1</ismultivalued></column><column><name>ResourceTime</name><data-type>DateTime</data-type><isrequired>0</isrequired><ismultivalued>0</ismultivalued></column><column><name>Scope</name><data-type>String</data-type><isrequired>1</isrequired><ismultivalued>0</ismultivalued></column><column><name>SIDHistory</name><data-type>Binary</data-type><isrequired>0</isrequired><ismultivalued>1</ismultivalued></column><column><name>Temporal</name><data-type>Boolean</data-type><isrequired>0</isrequired><ismultivalued>0</ismultivalued></column><column><name>Type</name><data-type>String</data-type><isrequired>1</isrequired><ismultivalued>0</ismultivalued></column><column><name>Member</name><data-type>Reference</data-type><isrequired>0</isrequired><ismultivalued>1</ismultivalued></column></column-info><column-info name="Person"><column><name>ObjectID</name><data-type>Reference</data-type><isrequired>0</isrequired><ismultivalued>0</ismultivalued></column><column><name>AccountName</name><data-type>String</data-type><isrequired>0</isrequired><ismultivalued>0</ismultivalued></column><column><name>AD_UserCannotChangePassword</name><data-type>Boolean</data-type><isrequired>0</isrequired><ismultivalued>0</ismultivalued></column><column><name>Address</name><data-type>String</data-type><isrequired>0</isrequired><ismultivalued>0</ismultivalued></column><column><name>Assistant</name><data-type>Reference</data-type><isrequired>0</isrequired><ismultivalued>0</ismultivalued></column><column><name>AuthNLockoutRegistrationID</name><data-type>Reference</data-type><isrequired>0</isrequired><ismultivalued>1</ismultivalued></column><column><name>AuthNWFLockedOut</name><data-type>Reference</data-type><isrequired>0</isrequired><ismultivalued>1</ismultivalued></column><column><name>AuthNWFRegistered</name><data-type>Reference</data-type><isrequired>0</isrequired><ismultivalued>1</ismultivalued></column><column><name>City</name><data-type>String</data-type><isrequired>0</isrequired><ismultivalued>0</ismultivalued></column><column><name>Company</name><data-type>String</data-type><isrequired>0</isrequired><ismultivalued>0</ismultivalued></column><column><name>CostCenter</name><data-type>String</data-type><isrequired>0</isrequired><ismultivalued>0</ismultivalued></column><column><name>CostCenterName</name><data-type>String</data-type><isrequired>0</isrequired><ismultivalued>0</ismultivalued></column><column><name>Country</name><data-type>String</data-type><isrequired>0</isrequired><ismultivalued>0</ismultivalued></column><column><name>CreatedTime</name><data-type>DateTime</data-type><isrequired>1</isrequired><ismultivalued>0</ismultivalued></column><column><name>Creator</name><data-type>Reference</data-type><isrequired>0</isrequired><ismultivalued>0</ismultivalued></column><column><name>DeletedTime</name><data-type>DateTime</data-type><isrequired>0</isrequired><ismultivalued>0</ismultivalued></column><column><name>Department</name><data-type>String</data-type><isrequired>0</isrequired><ismultivalued>0</ismultivalued></column><column><name>Description</name><data-type>String</data-type><isrequired>0</isrequired><ismultivalued>0</ismultivalued></column><column><name>DetectedRulesList</name><data-type>Reference</data-type><isrequired>0</isrequired><ismultivalued>1</ismultivalued></column><column><name>DisplayName</name><data-type>String</data-type><isrequired>0</isrequired><ismultivalued>0</ismultivalued></column><column><name>Domain</name><data-type>String</data-type><isrequired>0</isrequired><ismultivalued>0</ismultivalued></column><column><name>DomainConfiguration</name><data-type>Reference</data-type><isrequired>0</isrequired><ismultivalued>0</ismultivalued></column><column><name>Email</name><data-type>String</data-type><isrequired>0</isrequired><ismultivalued>0</ismultivalued></column><column><name>EmployeeEndDate</name><data-type>DateTime</data-type><isrequired>0</isrequired><ismultivalued>0</ismultivalued></column><column><name>EmployeeID</name><data-type>String</data-type><isrequired>0</isrequired><ismultivalued>0</ismultivalued></column><column><name>EmployeeStartDate</name><data-type>DateTime</data-type><isrequired>0</isrequired><ismultivalued>0</ismultivalued></column><column><name>EmployeeType</name><data-type>String</data-type><isrequired>0</isrequired><ismultivalued>0</ismultivalued></column><column><name>ExpectedRulesList</name><data-type>Reference</data-type><isrequired>0</isrequired><ismultivalued>1</ismultivalued></column><column><name>ExpirationTime</name><data-type>DateTime</data-type><isrequired>0</isrequired><ismultivalued>0</ismultivalued></column><column><name>FirstName</name><data-type>String</data-type><isrequired>0</isrequired><ismultivalued>0</ismultivalued></column><column><name>FreezeCount</name><data-type>Integer</data-type><isrequired>0</isrequired><ismultivalued>0</ismultivalued></column><column><name>FreezeLevel</name><data-type>String</data-type><isrequired>0</isrequired><ismultivalued>0</ismultivalued></column><column><name>IsRASEnabled</name><data-type>Boolean</data-type><isrequired>0</isrequired><ismultivalued>0</ismultivalued></column><column><name>JobTitle</name><data-type>String</data-type><isrequired>0</isrequired><ismultivalued>0</ismultivalued></column><column><name>LastName</name><data-type>String</data-type><isrequired>0</isrequired><ismultivalued>0</ismultivalued></column><column><name>LastResetAttemptTime</name><data-type>DateTime</data-type><isrequired>0</isrequired><ismultivalued>0</ismultivalued></column><column><name>Locale</name><data-type>String</data-type><isrequired>0</isrequired><ismultivalued>0</ismultivalued></column><column><name>LoginName</name><data-type>String</data-type><isrequired>0</isrequired><ismultivalued>0</ismultivalued></column><column><name>MailNickname</name><data-type>String</data-type><isrequired>0</isrequired><ismultivalued>0</ismultivalued></column><column><name>Manager</name><data-type>Reference</data-type><isrequired>0</isrequired><ismultivalued>0</ismultivalued></column><column><name>MiddleName</name><data-type>String</data-type><isrequired>0</isrequired><ismultivalued>0</ismultivalued></column><column><name>MobilePhone</name><data-type>String</data-type><isrequired>0</isrequired><ismultivalued>0</ismultivalued></column><column><name>MVObjectID</name><data-type>String</data-type><isrequired>0</isrequired><ismultivalued>0</ismultivalued></column><column><name>ObjectSID</name><data-type>Binary</data-type><isrequired>0</isrequired><ismultivalued>0</ismultivalued></column><column><name>ObjectType</name><data-type>String</data-type><isrequired>1</isrequired><ismultivalued>0</ismultivalued></column><column><name>OfficeFax</name><data-type>String</data-type><isrequired>0</isrequired><ismultivalued>0</ismultivalued></column><column><name>OfficeLocation</name><data-type>String</data-type><isrequired>0</isrequired><ismultivalued>0</ismultivalued></column><column><name>OfficePhone</name><data-type>String</data-type><isrequired>0</isrequired><ismultivalued>0</ismultivalued></column><column><name>Photo</name><data-type>Binary</data-type><isrequired>0</isrequired><ismultivalued>0</ismultivalued></column><column><name>PostalCode</name><data-type>String</data-type><isrequired>0</isrequired><ismultivalued>0</ismultivalued></column><column><name>ProxyAddressCollection</name><data-type>String</data-type><isrequired>0</isrequired><ismultivalued>1</ismultivalued></column><column><name>Register</name><data-type>Boolean</data-type><isrequired>0</isrequired><ismultivalued>0</ismultivalued></column><column><name>RegistrationRequired</name><data-type>Boolean</data-type><isrequired>0</isrequired><ismultivalued>0</ismultivalued></column><column><name>ResetPassword</name><data-type>String</data-type><isrequired>0</isrequired><ismultivalued>0</ismultivalued></column><column><name>ResourceTime</name><data-type>DateTime</data-type><isrequired>0</isrequired><ismultivalued>0</ismultivalued></column><column><name>SIDHistory</name><data-type>Binary</data-type><isrequired>0</isrequired><ismultivalued>1</ismultivalued></column><column><name>TimeZone</name><data-type>Reference</data-type><isrequired>0</isrequired><ismultivalued>0</ismultivalued></column><column><name>msidmOneTimePasswordMobilePhone</name><data-type>String</data-type><isrequired>0</isrequired><ismultivalued>0</ismultivalued></column><column><name>msidmOneTimePasswordEmailAddress</name><data-type>String</data-type><isrequired>0</isrequired><ismultivalued>0</ismultivalued></column><column><name>LocationReference</name><data-type>Reference</data-type><isrequired>0</isrequired><ismultivalued>0</ismultivalued></column><column><name>OrgUnit</name><data-type>String</data-type><isrequired>0</isrequired><ismultivalued>0</ismultivalued></column><column><name>State</name><data-type>String</data-type><isrequired>0</isrequired><ismultivalued>0</ismultivalued></column><column><name>EmployeeStatus</name><data-type>String</data-type><isrequired>0</isrequired><ismultivalued>0</ismultivalued></column><column><name>BHOLD_ID</name><data-type>String</data-type><isrequired>0</isrequired><ismultivalued>0</ismultivalued></column></column-info><column-info name="SynchronizationRule"><column><name>ObjectID</name><data-type>Reference</data-type><isrequired>0</isrequired><ismultivalued>0</ismultivalued></column><column><name>ConnectedObjectType</name><data-type>String</data-type><isrequired>1</isrequired><ismultivalued>0</ismultivalued></column><column><name>ConnectedSystem</name><data-type>String</data-type><isrequired>1</isrequired><ismultivalued>0</ismultivalued></column><column><name>ConnectedSystemScope</name><data-type>Text</data-type><isrequired>0</isrequired><ismultivalued>0</ismultivalued></column><column><name>CreateConnectedSystemObject</name><data-type>Boolean</data-type><isrequired>1</isrequired><ismultivalued>0</ismultivalued></column><column><name>CreatedTime</name><data-type>DateTime</data-type><isrequired>1</isrequired><ismultivalued>0</ismultivalued></column><column><name>CreateILMObject</name><data-type>Boolean</data-type><isrequired>1</isrequired><ismultivalued>0</ismultivalued></column><column><name>Creator</name><data-type>Reference</data-type><isrequired>0</isrequired><ismultivalued>0</ismultivalued></column><column><name>DeletedTime</name><data-type>DateTime</data-type><isrequired>0</isrequired><ismultivalued>0</ismultivalued></column><column><name>Dependency</name><data-type>Reference</data-type><isrequired>0</isrequired><ismultivalued>0</ismultivalued></column><column><name>Description</name><data-type>String</data-type><isrequired>0</isrequired><ismultivalued>0</ismultivalued></column><column><name>DetectedRulesList</name><data-type>Reference</data-type><isrequired>0</isrequired><ismultivalued>1</ismultivalued></column><column><name>DisconnectConnectedSystemObject</name><data-type>Boolean</data-type><isrequired>1</isrequired><ismultivalued>0</ismultivalued></column><column><name>DisplayName</name><data-type>String</data-type><isrequired>0</isrequired><ismultivalued>0</ismultivalued></column><column><name>ExistenceTest</name><data-type>Text</data-type><isrequired>0</isrequired><ismultivalued>1</ismultivalued></column><column><name>ExpectedRulesList</name><data-type>Reference</data-type><isrequired>0</isrequired><ismultivalued>1</ismultivalued></column><column><name>ExpirationTime</name><data-type>DateTime</data-type><isrequired>0</isrequired><ismultivalued>0</ismultivalued></column><column><name>FlowType</name><data-type>Integer</data-type><isrequired>1</isrequired><ismultivalued>0</ismultivalued></column><column><name>ILMObjectType</name><data-type>String</data-type><isrequired>1</isrequired><ismultivalued>0</ismultivalued></column><column><name>InitialFlow</name><data-type>Text</data-type><isrequired>0</isrequired><ismultivalued>1</ismultivalued></column><column><name>Locale</name><data-type>String</data-type><isrequired>0</isrequired><ismultivalued>0</ismultivalued></column><column><name>MVObjectID</name><data-type>String</data-type><isrequired>0</isrequired><ismultivalued>0</ismultivalued></column><column><name>ObjectType</name><data-type>String</data-type><isrequired>1</isrequired><ismultivalued>0</ismultivalued></column><column><name>PersistentFlow</name><data-type>Text</data-type><isrequired>0</isrequired><ismultivalued>1</ismultivalued></column><column><name>Precedence</name><data-type>Integer</data-type><isrequired>0</isrequired><ismultivalued>0</ismultivalued></column><column><name>RelationshipCriteria</name><data-type>String</data-type><isrequired>1</isrequired><ismultivalued>0</ismultivalued></column><column><name>ResourceTime</name><data-type>DateTime</data-type><isrequired>0</isrequired><ismultivalued>0</ismultivalued></column><column><name>SynchronizationRuleParameters</name><data-type>String</data-type><isrequired>0</isrequired><ismultivalued>1</ismultivalued></column><column><name>ManagementAgentID</name><data-type>Reference</data-type><isrequired>0</isrequired><ismultivalued>0</ismultivalued></column><column><name>msidmOutboundIsFilterBased</name><data-type>Boolean</data-type><isrequired>0</isrequired><ismultivalued>0</ismultivalued></column><column><name>msidmOutboundScopingFilters</name><data-type>Text</data-type><isrequired>0</isrequired><ismultivalued>0</ismultivalued></column></column-info></mms-info><enable-unapplied-merge>0</enable-unapplied-merge><watermark>3eb231ab-53ea-41d7-906f-9e86ce71e82b</watermark><connection-info><server>server1</server><databasename>fimservice</databasename><authentication>integrated</authentication><user>fim-ma</user><domain>contoso</domain><serviceHost>http://fimservice.contoso.com:5725</serviceHost></connection-info></fimma-configuration>
 </private-configuration>
 <SyncConfig-refresh-schema>0</SyncConfig-refresh-schema>
 <ma-partition-data>
 <partition>
  <id>{AE5E5822-16EF-4A15-8FA5-1F0DB7B6D9F7}</id>
  <name>default</name>
  <creation-time>2012-08-23 09:13:06.797</creation-time>
  <last-modification-time>2012-09-28 05:57:30.597</last-modification-time>
  <version>31</version>
  <selected>1</selected>
  <filter>
   <object-classes>
    <object-class>DetectedRuleEntry</object-class>
    <object-class>ExpectedRuleEntry</object-class>
    <object-class>Group</object-class>
    <object-class>Person</object-class>
    <object-class>SynchronizationRule</object-class>
   </object-classes>
   <containers>
    <exclusions/>
    <inclusions>
     <inclusion></inclusion>
    </inclusions>
   </containers>
  </filter>
  <allowed-operations>3</allowed-operations>
  <current>
   <batch-number>3144</batch-number>
   <sequence-number>24594</sequence-number>
  </current>
  <last-successful-batch>3143</last-successful-batch>
  <filter-hints>
   <object-classes>
    <object-class>
     <name>DetectedRuleEntry</name>
     <hierarchy>
      <object-class>DetectedRuleEntry</object-class>
     </hierarchy>
     <included>1</included>
    </object-class>
    <object-class>
     <name>ExpectedRuleEntry</name>
     <hierarchy>
      <object-class>ExpectedRuleEntry</object-class>
     </hierarchy>
     <included>1</included>
    </object-class>
    <object-class>
     <name>Group</name>
     <hierarchy>
      <object-class>Group</object-class>
     </hierarchy>
     <included>1</included>
    </object-class>
    <object-class>
     <name>Person</name>
     <hierarchy>
      <object-class>Person</object-class>
     </hierarchy>
     <included>1</included>
    </object-class>
    <object-class>
     <name>SynchronizationRule</name>
     <hierarchy>
      <object-class>SynchronizationRule</object-class>
     </hierarchy>
     <included>1</included>
    </object-class>
   </object-classes>
  </filter-hints>
 </partition>
</ma-partition-data>

 <ma-run-data>
 <run-configuration>
  <id>{F8C89817-9324-4DC6-A715-F4C90AB64E9F}</id>
  <name>_Delta Import</name>
  <creation-time>2012-09-28 06:22:36.150</creation-time>
  <version>1</version>
  <last-modification-time>2012-09-28 06:22:36.150</last-modification-time>
  <configuration><step><step-type type="delta-import"><import-subtype>to-cs</import-subtype></step-type><threshold><batch-size>1</batch-size></threshold><partition>{AE5E5822-16EF-4A15-8FA5-1F0DB7B6D9F7}</partition><custom-data></custom-data></step></configuration>
 </run-configuration>
 <run-configuration>
  <id>{D18343E6-CADA-4032-94FC-236C9432DD23}</id>
  <name>_Delta Sync</name>
  <creation-time>2012-09-28 06:22:36.150</creation-time>
  <version>1</version>
  <last-modification-time>2012-09-28 06:22:36.150</last-modification-time>
  <configuration><step><step-type type="apply-rules"><apply-rules-subtype>apply-pending</apply-rules-subtype></step-type><threshold><batch-size>1</batch-size></threshold><partition>{AE5E5822-16EF-4A15-8FA5-1F0DB7B6D9F7}</partition><custom-data></custom-data></step></configuration>
 </run-configuration>
 <run-configuration>
  <id>{5932DFCF-1A03-47A8-B55B-1648D9B2BEA6}</id>
  <name>_Export</name>
  <creation-time>2012-09-28 06:22:36.167</creation-time>
  <version>1</version>
  <last-modification-time>2012-09-28 06:22:36.167</last-modification-time>
  <configuration><step><step-type type="export"></step-type><threshold><batch-size>1</batch-size></threshold><partition>{AE5E5822-16EF-4A15-8FA5-1F0DB7B6D9F7}</partition><custom-data><fimma-step-data><time-limit>90</time-limit></fimma-step-data></custom-data></step></configuration>
 </run-configuration>
 <run-configuration>
  <id>{32B99BFF-5C96-445E-A1EA-F60C7EA0766B}</id>
  <name>_Full Import</name>
  <creation-time>2012-09-28 06:22:36.137</creation-time>
  <version>1</version>
  <last-modification-time>2012-09-28 06:22:36.137</last-modification-time>
  <configuration><step><step-type type="full-import"><import-subtype>to-cs</import-subtype></step-type><threshold><batch-size>1</batch-size></threshold><partition>{AE5E5822-16EF-4A15-8FA5-1F0DB7B6D9F7}</partition><custom-data></custom-data></step></configuration>
 </run-configuration>
 <run-configuration>
  <id>{A7029FEC-41F9-47FA-9D00-9B119EB4F6FA}</id>
  <name>_Full Sync</name>
  <creation-time>2012-09-28 06:22:36.150</creation-time>
  <version>1</version>
  <last-modification-time>2012-09-28 06:22:36.150</last-modification-time>
  <configuration><step><step-type type="apply-rules"><apply-rules-subtype>reevaluate-flow-connectors</apply-rules-subtype></step-type><threshold><batch-size>1</batch-size></threshold><partition>{AE5E5822-16EF-4A15-8FA5-1F0DB7B6D9F7}</partition><custom-data></custom-data></step></configuration>
 </run-configuration>
 <run-configuration>
  <id>{E4A8782B-270D-487D-BA78-5471929BD051}</id>
  <name>Delta Import</name>
  <creation-time>2012-08-23 09:13:54.517</creation-time>
  <version>1</version>
  <last-modification-time>2012-08-23 09:13:54.517</last-modification-time>
  <configuration><step><step-type type="delta-import"><import-subtype>to-cs</import-subtype></step-type><threshold><batch-size>1</batch-size></threshold><partition>{AE5E5822-16EF-4A15-8FA5-1F0DB7B6D9F7}</partition><custom-data></custom-data></step></configuration>
 </run-configuration>
 <run-configuration>
  <id>{6F83906A-99C6-4614-ACD9-05BDBCDCB599}</id>
  <name>DIDS</name>
  <creation-time>2012-09-06 23:25:17.933</creation-time>
  <version>1</version>
  <last-modification-time>2012-09-06 23:25:17.933</last-modification-time>
  <configuration><step><step-type type="delta-import"></step-type><threshold><batch-size>1</batch-size></threshold><partition>{AE5E5822-16EF-4A15-8FA5-1F0DB7B6D9F7}</partition><custom-data></custom-data></step></configuration>
 </run-configuration>
 <run-configuration>
  <id>{086E9557-A01F-4F82-9B22-9462074B80A9}</id>
  <name>DS</name>
  <creation-time>2012-09-06 22:35:59.140</creation-time>
  <version>1</version>
  <last-modification-time>2012-09-06 22:35:59.140</last-modification-time>
  <configuration><step><step-type type="apply-rules"><apply-rules-subtype>apply-pending</apply-rules-subtype></step-type><threshold><batch-size>1</batch-size></threshold><partition>{AE5E5822-16EF-4A15-8FA5-1F0DB7B6D9F7}</partition><custom-data></custom-data></step></configuration>
 </run-configuration>
 <run-configuration>
  <id>{F1A4A7C3-2BB4-4895-B58E-CC995D8396EA}</id>
  <name>EDIDS</name>
  <creation-time>2012-09-07 03:50:16.163</creation-time>
  <version>2</version>
  <last-modification-time>2012-09-17 17:30:08.177</last-modification-time>
  <configuration><step><step-type type="export"></step-type><threshold><batch-size>1</batch-size></threshold><partition>{AE5E5822-16EF-4A15-8FA5-1F0DB7B6D9F7}</partition><custom-data><fimma-step-data><time-limit>90</time-limit></fimma-step-data></custom-data></step><step><step-type type="delta-import"><import-subtype>to-cs</import-subtype></step-type><threshold><batch-size>1</batch-size></threshold><partition>{AE5E5822-16EF-4A15-8FA5-1F0DB7B6D9F7}</partition><custom-data></custom-data></step><step><step-type type="apply-rules"><apply-rules-subtype>apply-pending</apply-rules-subtype></step-type><threshold><batch-size>1</batch-size></threshold><partition>{AE5E5822-16EF-4A15-8FA5-1F0DB7B6D9F7}</partition><custom-data></custom-data></step></configuration>
 </run-configuration>
 <run-configuration>
  <id>{54FFB45B-5681-46A2-BEAD-37490ACD9B2A}</id>
  <name>EFIFS</name>
  <creation-time>2012-09-25 17:31:11.377</creation-time>
  <version>1</version>
  <last-modification-time>2012-09-25 17:31:11.377</last-modification-time>
  <configuration><step><step-type type="export"></step-type><threshold><batch-size>1</batch-size></threshold><partition>{AE5E5822-16EF-4A15-8FA5-1F0DB7B6D9F7}</partition><custom-data><fimma-step-data><time-limit>90</time-limit></fimma-step-data></custom-data></step><step><step-type type="full-import"><import-subtype>to-cs</import-subtype></step-type><threshold><batch-size>1</batch-size></threshold><partition>{AE5E5822-16EF-4A15-8FA5-1F0DB7B6D9F7}</partition><custom-data></custom-data></step><step><step-type type="apply-rules"><apply-rules-subtype>reevaluate-flow-connectors</apply-rules-subtype></step-type><threshold><batch-size>1</batch-size></threshold><partition>{AE5E5822-16EF-4A15-8FA5-1F0DB7B6D9F7}</partition><custom-data></custom-data></step></configuration>
 </run-configuration>
 <run-configuration>
  <id>{DBD901B7-4491-4DE7-BBAC-9F58D967063F}</id>
  <name>Export</name>
  <creation-time>2012-09-06 22:26:54.793</creation-time>
  <version>1</version>
  <last-modification-time>2012-09-06 22:26:54.793</last-modification-time>
  <configuration><step><step-type type="export"></step-type><threshold><batch-size>1</batch-size></threshold><partition>{AE5E5822-16EF-4A15-8FA5-1F0DB7B6D9F7}</partition><custom-data><fimma-step-data><time-limit>90</time-limit></fimma-step-data></custom-data></step></configuration>
 </run-configuration>
 <run-configuration>
  <id>{C0707F1E-154A-4834-A1F4-06ACFE0CC409}</id>
  <name>FS</name>
  <creation-time>2012-09-06 20:29:33.910</creation-time>
  <version>1</version>
  <last-modification-time>2012-09-06 20:29:33.910</last-modification-time>
  <configuration><step><step-type type="apply-rules"><apply-rules-subtype>reevaluate-flow-connectors</apply-rules-subtype></step-type><threshold><batch-size>1</batch-size></threshold><partition>{AE5E5822-16EF-4A15-8FA5-1F0DB7B6D9F7}</partition><custom-data></custom-data></step></configuration>
 </run-configuration>
 <run-configuration>
  <id>{1E0D6F39-DB75-4570-A9A9-07DA2B5C7416}</id>
  <name>Full Import</name>
  <creation-time>2012-08-23 09:13:54.517</creation-time>
  <version>2</version>
  <last-modification-time>2013-02-18 15:39:03.593</last-modification-time>
  <configuration><step><step-type type="full-import"><import-subtype>to-cs</import-subtype></step-type><threshold><object>500</object><batch-size>1</batch-size><delete>0</delete></threshold><partition>{AE5E5822-16EF-4A15-8FA5-1F0DB7B6D9F7}</partition><custom-data></custom-data></step></configuration>
 </run-configuration>
</ma-run-data>

 <capabilities-mask>40b805</capabilities-mask>
 <export-type>1</export-type>
 <dn-construction><attribute>ObjectID</attribute></dn-construction>
 <password-sync><maximum-retry-count>10</maximum-retry-count><retry-interval>60</retry-interval><allow-low-security>0</allow-low-security></password-sync>
 <component_mappings />
</ma-data>

</saved-ma-configuration>
